SYMBOL,"SUM OPTSTK,CE1","SUM OPTSTK,PE1","SUM FUTSTK,XX1","SUM FUTSTK,XX2","SUM FUTSTK,XX3","SUM FUTSTK,XX4","SUM FUTSTK,XX5","SUM FUTSTK,XX6","SUM FUTSTK,XX7","SUM FUTSTK,XX8","SUM FUTSTK,XX9","SUM FUTSTK,XX10","SUM AVG,VAL_INLAKH1","SUM AVG,VAL_INLAKH2","SUM AVG,VAL_INLAKH3","SUM AVG,VAL_INLAKH4","SUM AVG,VAL_INLAKH5","SUM AVG,VAL_INLAKH6","SUM AVG,VAL_INLAKH7","SUM AVG,VAL_INLAKH8","SUM AVG,VAL_INLAKH9","SUM AVG,VAL_INLAKH10","SUM OPTIDX,CE1","SUM OPTIDX,PE1","SUM FUTIDX,XX1","SUM %OICOPTSTK,CE1","SUM %OICOPTSTK,PE1","SUM %OICFUTSTK,XX1","SUM %OICOPTIDX,CE1","SUM %OICOPTIDX,PE1","SUM %OICFUTIDX,XX1","SUM PCROPTSTK1"
BANKNIFTY,0,0,0,0,0,0,0,0,0,0,0,0,0,0,0,0,0,0,0,0,0,0,33609300,37150650,2665900,0.0000,0.0000,0.0000,97.1239,452.3269,0.2277,NULL
FINNIFTY,0,0,0,0,0,0,0,0,0,0,0,0,0,0,0,0,0,0,0,0,0,0,13915360,13693040,7960,0.0000,0.0000,0.0000,111.1742,559.3364,0.0898,NULL
MIDCPNIFTY,0,0,0,0,0,0,0,0,0,0,0,0,0,0,0,0,0,0,0,0,0,0,4350,0,75,0.0000,0.0000,0.0000,0.0000,0.0000,0.0000,NULL
NIFTY,0,0,0,0,0,0,0,0,0,0,0,0,0,0,0,0,0,0,0,0,0,0,128015975,133705025,13238700,0.0000,0.0000,0.0000,243.1615,350.9073,0.2596,NULL
AARTIIND,919700,599250,1864900,1938000,1936300,1923550,1894650,1960950,1983050,1813050,1695750,1515550,-6112.58,6413.820000000001,6849.3,-5185.45,10336.91,-4166.650000000001,3710.5,-6848.7300000000005,6637.78,684.22,0,0,0,9.9514,3.6327,-0.0272,0.0000,0.0000,0.0000,0.6516
ABB,307500,188250,1516000,1493000,1393500,1406250,1402250,1371000,1328750,1271250,1074500,714250,16332.21,-14754.03,20887.24,-10089.69,27283.86,14285.199999999999,15796.78,14083.980000000001,18553.55,352.54,0,0,0,0.5530,1.8856,0.0569,0.0000,0.0000,0.0000,0.6122
ABBOTINDIA,11480,3920,51560,50040,53240,52160,52680,56760,52000,52600,37520,19280,-5579.03,2717.1,3674.49,-2040.76,6179.6900000000005,-4603.84,-3559.3799999999997,-8464.66,7752.9,435.85,0,0,0,0.7713,-0.1098,0.1321,0.0000,0.0000,0.0000,0.3415
ABCAPITAL,12144600,6372000,24910200,24067800,22696200,22950000,22739400,21708000,21405600,21076200,16048800,7133400,34569.130000000005,19521.940000000002,7479.170000000001,-4331.01,11256.64,-3858.89,8640.18,-14590.72,18067.55,2081.18,0,0,0,16.1760,61.2750,0.5986,0.0000,0.0000,0.0000,0.5247
ABFRL,9326200,3923400,10966800,10088000,8470800,8296600,8481200,8385000,7334600,7321600,6115200,3931200,-28572.38,64126.23,6940.97,10604.39,-20478.65,26537.99,-7955.419999999999,-17932.07,13787.07,1551.1100000000001,0,0,0,38.3556,4.8015,1.1714,0.0000,0.0000,0.0000,0.4207
ACC,1027500,613000,3783000,3818000,3783250,3839500,3949000,3984500,4022250,4162250,3216500,2282250,-32031.46,32594.45,20709.739999999998,-20341.82,-35362.469999999994,32288.36,-25208.94,54827.799999999996,34315.21,1194.86,0,0,0,3.7222,2.5409,0.2945,0.0000,0.0000,0.0000,0.5966
ADANIENT,6870750,6311750,14495250,14282750,13752500,13774250,13946500,14114750,14287000,14073500,11603000,8309000,-464335.54,443721.59,-90738.25,-168747.66,291411.96,-55356.69,121845.31000000001,220246.58,164365.96,9529.68,0,0,0,9.8030,82.2871,0.1686,0.0000,0.0000,0.0000,0.9186
ADANIPORTS,16843125,9453750,74596875,73009375,72410000,71305000,70343750,70016875,69382500,68987500,59785000,48930000,-121448.47,189202.73,-91995.14000000001,-161183.56,124607.09,-56028.94,-103792.53,213865.21,126205.12000000001,7202.7,0,0,0,25.5180,5.1851,0.4754,0.0000,0.0000,0.0000,0.5613
ALKEM,68400,37000,284000,317200,317600,303800,299400,256800,243000,229800,210400,179800,-3661.75,3960.5899999999997,-3799.15,7895.400000000001,6011.67,-2544.87,1827.37,-5764.45,6662.219999999999,141.37,0,0,0,2.4528,1.0354,0.8331,0.0000,0.0000,0.0000,0.5409
AMARAJABAT,6160000,6087000,7017000,6286000,5818000,5845000,5767000,5744000,5713000,5587000,4938000,3834000,-53115.27,97448.42,7074.41,-3987.3,5968.89,5207.639999999999,-4376.490000000001,-15093.74,14917.76,892.2099999999999,0,0,0,27.3324,56.2603,0.3957,0.0000,0.0000,0.0000,0.9881
AMBUJACEM,16725600,11257200,66713400,65651400,65005200,64099800,65316600,65395800,65907000,64854000,51456600,28382400,-132149.93,122833.63,-44232.159999999996,-81326.69,-96581.86,106479.41,-77619.51,198951.97,161858.18000000002,10730.94,0,0,0,7.3145,28.3019,0.2222,0.0000,0.0000,0.0000,0.6731
APOLLOHOSP,857000,459375,1645250,1640000,1648375,1649125,1628875,1553000,1522750,1430000,1257250,1006875,14806,-16506.18,-14664.74,27933.37,32080.679999999997,-19717.67,30327.960000000003,22528.45,-19980.43,1288.54,0,0,0,-0.0992,9.2998,0.0322,0.0000,0.0000,0.0000,0.5360
APOLLOTYRE,8099000,4389000,15879500,12971000,12369000,12484500,13069000,13044500,12740000,11966500,9198000,4235000,51137.06,-10946.71,21215.56,-13004.54,19626.829999999998,-13372.189999999999,-15633.03,-25874.879999999997,26120.53,921.64,0,0,0,58.1426,15.0300,1.6401,0.0000,0.0000,0.0000,0.5419
ASHOKLEY,26010000,15300000,67620000,66540000,62955000,60100000,60665000,60500000,60095000,56955000,49815000,30505000,21717.489999999998,-20504.07,23944.96,-13168.73,41032.07,35129.48,31320.219999999998,-36742.86,49362.979999999996,2872.66,0,0,0,2.5094,2.9015,0.0946,0.0000,0.0000,0.0000,0.5882
ASIANPAINT,2443400,1374600,6285800,5813000,5884000,5897200,5980600,6194800,6444200,6323600,5215400,4007800,57381.340000000004,40573.07,25443.04,-28851.14,-41831.79,40807.48,-32604.480000000003,86043.90999999999,66654.36,5927.2699999999995,0,0,0,9.3247,16.6857,0.8043,0.0000,0.0000,0.0000,0.5626
ASTRAL,377300,179575,1202025,1263900,1269125,1296900,1321100,1427525,1496000,1486100,1125575,915200,-8592.340000000002,8313.71,-3989.69,-9852.34,-16431.92,13895.47,8697.58,16363.26,12122.51,522.24,0,0,0,46.2587,-0.3569,0.2279,0.0000,0.0000,0.0000,0.4759
ATUL,20850,2400,153075,152925,153975,154875,157650,155325,153825,149775,117375,94950,-3274.09,-2898.98,3220.99,-2015.15,3254.58,-1790.9099999999999,-2770.76,10170.36,5673.43,219.88,0,0,0,1.0481,1.1667,-0.0318,0.0000,0.0000,0.0000,0.1151
AUBANK,2197000,1356000,7166000,7049000,6862000,6527000,6333000,7115000,7287000,6997000,6185000,4857000,-16557.159999999996,10790.550000000001,-11989.430000000002,-12924.61,34051.78,-12117.39,10750.130000000001,-20933.440000000002,20296.04,2545.6099999999997,0,0,0,1.3802,0.3508,0.1402,0.0000,0.0000,0.0000,0.6172
AUROPHARMA,2951000,1521000,12411000,12523000,12565000,12524000,12566000,12405000,12593000,12503000,10386000,6862000,-7835.889999999999,5262.639999999999,-6266.94,19918.52,14408.429999999998,11457.89,-6238.05,26126.67,-28691.99,660.65,0,0,0,1.9657,1.3653,0.0172,0.0000,0.0000,0.0000,0.5154
AXISBANK,31068000,21847200,51346800,50704800,50679600,49549200,47610000,40459200,41058000,41713200,38917200,32012400,135472.9,-93946.38,181823.91,-130021.12,381955.18,-92172.17,-122635.73000000001,223420.63,-210002.27,26152.57,0,0,0,2.3658,-0.2413,0.0344,0.0000,0.0000,0.0000,0.7032
BAJAJ-AUTO,890750,596000,1377000,1450500,1408000,1476750,1489500,1491500,1504000,1566250,1521750,1264000,15888.1,-19555.719999999998,35980.81,-19122.7,29480.64,-15643.509999999998,-28052.89,32383.289999999997,39337.38,2321.6099999999997,0,0,0,0.2233,0.8052,0.2593,0.0000,0.0000,0.0000,0.6691
BAJAJFINSV,3522500,2262500,6243000,6578000,5664000,5662500,5842000,6066500,6558500,6673500,5703000,4335500,-67035.56999999999,128422.16,31282.68,-23414.88,-34430.83,35010.33,-28200.92,46680.009999999995,47102.41,4674.5,0,0,0,6.9878,10.4781,0.8080,0.0000,0.0000,0.0000,0.6423
BAJFINANCE,2768000,1587250,4603875,4605000,4606000,4536000,4598000,4780125,5021000,5151875,4047750,3168375,80756.3,100574.08,-62070.69,54033.29,-80306.69,-92329.33,-95692.43000000001,200624.89,120537.16,20920.510000000002,0,0,0,0.8092,1.4220,0.1779,0.0000,0.0000,0.0000,0.5734
BALKRISIND,338400,237600,2394000,2322600,2314500,2130900,2118300,2081100,2063100,1995300,1750800,1332900,22337.57,-6525.69,18390.1,-5902.050000000001,6993.38,-8567.550000000001,-6874.45,-17124.06,19030.710000000003,880.76,0,0,0,9.3082,0.6720,0.0691,0.0000,0.0000,0.0000,0.7021
BALRAMCHIN,5548800,3659200,9409600,9108800,9241600,9230400,9929600,9360000,9337600,8131200,5233600,3099200,26045.89,-5455.87,-11240.539999999999,-18960.92,32523.69,-12417.23,19373.82,17208.11,10713.949999999999,479.58,0,0,0,4.1895,1.2472,0.0223,0.0000,0.0000,0.0000,0.6595
BANDHANBNK,50749200,21546000,49746600,47635200,42667200,42145200,41104800,37854000,27451800,25961400,21474000,11971800,-24285.38,42094.48,31157.190000000002,-19776.499999999996,-38883.02,141299.55,72766.8,-56487.700000000004,-40867.63,3700.63,0,0,0,5.7326,2.0700,0.3958,0.0000,0.0000,0.0000,0.4246
BANKBARODA,51831000,41657850,95319900,108611100,110880900,108195750,108377100,110553300,109827900,111536100,95928300,65695500,274893,85632.33,58622.44,-33801.840000000004,62106.299999999996,-35973.25,53930.74,-92820.87999999999,111466.68999999999,5376.75,0,0,0,44.8609,164.9838,1.9693,0.0000,0.0000,0.0000,0.8037
BATAINDIA,776325,349250,1669525,1694550,1664850,1564750,1595550,1590875,1564475,1560075,1228700,616275,-7697.45,-7021.07,-11849.09,17172.430000000004,6616.740000000001,-6846.45,8853.150000000001,-13863.87,17437.02,429.75,0,0,0,1.2396,1.1815,0.0575,0.0000,0.0000,0.0000,0.4499
BEL,43280100,22435200,79988100,80307300,78688500,81464400,80700600,79440900,81042600,79207200,61126800,35716200,-16315.41,-21871.170000000002,48838.51,-29016.890000000003,40759.7,-21585.83,34116.53999999999,97296.75,45368.29,2955.48,0,0,0,4.4983,3.8237,0.9451,0.0000,0.0000,0.0000,0.5184
BERGEPAINT,2026200,1111000,8026700,7909000,7860600,8211500,8286300,8650400,8759300,8671300,6983900,4776200,19798.920000000002,-6730.59,13222.340000000002,-6202.240000000001,11829.03,6778.170000000001,-7702.249999999999,24998.71,21216.690000000002,1528.02,0,0,0,2.1093,4.6077,0.8076,0.0000,0.0000,0.0000,0.5483
BHARATFORG,3318000,2067000,7972000,7798000,7934000,7825000,7993000,7972000,8112000,7918000,6888000,4973000,32410.56,-17109.59,44586.920000000006,32627.079999999998,-27855.88,28679.78,-45166.829999999994,-50663.23,54066.46,2261.01,0,0,0,0.0539,16.0131,-0.2344,0.0000,0.0000,0.0000,0.6230
BHARTIARTL,16411250,6260500,40893700,41141650,40819600,42467850,41891200,40281900,39975050,39298650,34103100,22686950,57274.11,-40693.77,-63670.56,93762.65000000001,127334.51000000001,66948.38,-41251.02,165766.87,-147935.77000000002,6779.37,0,0,0,0.9709,0.0698,0.3858,0.0000,0.0000,0.0000,0.3815
BHEL,45538500,33369000,121527000,127942500,126294000,126798000,130462500,130872000,130368000,123501000,129916500,35994000,-26274.39,-28249.71,-16430.22,-30803.079999999998,44140.62,-23561.640000000003,54651.71,-12714.11,126456.41,41.88,0,0,0,16.4044,3.6858,0.2369,0.0000,0.0000,0.0000,0.7328
BIOCON,7587700,4103200,25640400,26611000,26698400,27038800,25668000,23857900,21645300,21307200,18064200,12728200,-12172.62,-13056.6,27805.38,-13813.27,-14297.300000000001,13727.069999999998,-7662.39,-32432.099999999995,27065.140000000003,1520.77,0,0,0,3.6179,0.4150,0.0906,0.0000,0.0000,0.0000,0.5408
BOSCHLTD,55450,23100,205200,188350,193100,196500,199650,208850,208500,189300,139450,79600,-25726.899999999998,25135.7,6509.469999999999,-5372.2699999999995,-12222.849999999999,14032.06,19373.77,17497.739999999998,17912.04,727.95,0,0,0,9.1665,4.9211,1.2396,0.0000,0.0000,0.0000,0.4166
BPCL,10164600,7212600,19868400,19850400,18860400,18550800,18167400,17613000,16702200,15894000,11439000,8942400,21521.79,13868.140000000001,9780.529999999999,-7444.77,-11839.670000000002,-11618.61,10218.27,-32808.94,21711.37,1176.6299999999999,0,0,0,21.9414,5.9900,-0.4151,0.0000,0.0000,0.0000,0.7096
BRITANNIA,1470800,1526600,2024400,1672600,1576400,1548600,1536600,1376000,1355800,1358200,1222800,972600,162147.38999999998,17907.53,-8802.01,16795.63,-21952.21,-11132.72,-10986.4,-26649.190000000002,-19258.94,1680.8500000000001,0,0,0,1003.0036,249.2910,16.2260,0.0000,0.0000,0.0000,1.0379
BSOFT,3149900,2208700,10466100,10210500,9976300,9894400,9843500,10166700,10188800,9781200,7547800,3415100,10578.96,6512.250000000001,-3240.04,-5948.4,8765.98,-8264.51,7394.13,-13542.22,19120.33,1178.34,0,0,0,8.9085,5.1580,0.1428,0.0000,0.0000,0.0000,0.7012
CANBK,19944900,27572400,39665700,43291800,43586100,41364000,41825700,42552000,42781500,40891500,38971800,26327700,118410.75,-64253.26,76092.00000000001,-40434.409999999996,71533.83,-49549.85,-89888.68,-119658.81000000001,121519.97,10190.09,0,0,0,3.9713,28.2421,0.2369,0.0000,0.0000,0.0000,1.3824
CANFINHOME,1983150,1387425,4680000,4703400,4661475,4773600,4509375,4522050,4604925,4559100,3386175,1819350,8311.47,-6723.7699999999995,12837.98,15757.8,-4339.25,-5708.03,-4244.95,-16447.08,16120.35,1078.9499999999998,0,0,0,1.4649,0.2799,0.2247,0.0000,0.0000,0.0000,0.6996
CHAMBLFERT,5017500,2877000,6643500,7153500,7300500,7423500,5986500,5943000,5952000,5737500,4065000,2362500,-6938.759999999999,7844.200000000001,-9457.51,30958.59,-6825.4800000000005,7768.04,6830.93,12650.18,10722.43,473.65,0,0,0,0.1538,-0.5935,-0.0175,0.0000,0.0000,0.0000,0.5734
CHOLAFIN,2658750,1796250,8150000,8215000,8163750,8205000,8351250,8325000,7380000,7300000,6391250,4517500,23853.379999999997,-16525.370000000003,-37594.44,104414.76,-24556.35,27723.52,-10583.119999999999,-23334.260000000002,27896.47,1505.41,0,0,0,-1.9591,-0.4068,-0.0080,0.0000,0.0000,0.0000,0.6756
CIPLA,4575350,2317900,8701550,8925800,8501350,8581950,8964800,8927100,8737300,8477950,7471100,5238350,-30506.81,55998.350000000006,17710.13,-20877.6,23075.92,-20612.83,-20391.180000000004,-41908.409999999996,61220.97,2146.71,0,0,0,7.7966,0.6705,0.7492,0.0000,0.0000,0.0000,0.5066
COALINDIA,48799800,21651000,33906600,31264800,27934200,26275200,23843400,23452800,23839200,21554400,18551400,13146000,66040.65,-36177.450000000004,-42379.71,71626.21,-24445.69,-24613.529999999995,49424.25,-39607.39,-34550.869999999995,2344.95,0,0,0,15.5199,42.9766,0.3253,0.0000,0.0000,0.0000,0.4437
COFORGE,260550,93900,726000,725850,705150,670950,674100,666150,687300,696000,610500,486450,-3777.3599999999997,6373.870000000001,-5191.7300000000005,-7101.05,-7822.18,-9585.37,9372.17,15461.82,14017.019999999999,391.89,0,0,0,5.5678,2.4033,0.3059,0.0000,0.0000,0.0000,0.3604
COLPAL,486850,191800,2104550,2140600,2116450,2060800,2039100,2033150,1967700,1960000,1833650,1412250,-5588.49,-5841.58,7076.54,-4682.610000000001,-4297.17,7010.59,-3884.29,-10160.390000000001,14535.740000000002,548.96,0,0,0,-0.4537,0.6511,0.2096,0.0000,0.0000,0.0000,0.3940
CONCOR,2855000,1524000,7424000,7288000,7221000,6983000,6906000,6959000,6846000,6926000,5535000,3540000,16791.89,-13720.15,15194.41,13843.77,-13748.89,26203.83,-18238.46,52232.86,35427.37,1044.26,0,0,0,2.3721,0.1818,0.4055,0.0000,0.0000,0.0000,0.5338
COROMANDEL,1981000,750400,2441600,2489900,2468200,1533000,1228500,1149400,1080100,1082200,852600,423500,-9613.29,-30391.72,43026.96,16283.49,-3781.0699999999997,-3397.63,3227.31,-5590.98,8008.39,774.06,0,0,0,0.1794,0.4343,0.3829,0.0000,0.0000,0.0000,0.3788
CROMPTON,1230000,616500,5589000,5086500,5158500,5089500,5032500,5146500,5485500,4705500,4201500,3133500,10059.74,-2973.79,-5647.92,10195.310000000001,-6152.5,-9631.87,10604.83,-15747.839999999998,13636.289999999999,367.42,0,0,0,0.8897,0.6904,0.4780,0.0000,0.0000,0.0000,0.5012
CUB,12535000,5955000,11045000,11645000,10955000,10620000,11005000,11035000,9835000,9600000,8100000,6160000,45451.25000000001,21618.19,13775.48,-7932.93,-11613.44,-10411.42,5503.87,15281.8,-10338.42,1052.3500000000001,0,0,0,0.5753,31.4202,1.2978,0.0000,0.0000,0.0000,0.4751
CUMMINSIND,1100400,565200,3064200,3342000,3417600,3301200,3249600,3273000,3273000,3089400,1735200,1317000,33850.72,13881.65,-13986.930000000002,14067.230000000001,-20529.42,37427.03999999999,-26420.55,-37237.909999999996,16908.579999999998,427.57,0,0,0,1.3839,2.5402,0.2593,0.0000,0.0000,0.0000,0.5136
DABUR,3442500,1745000,13588750,13846250,13825000,13820000,13816250,14088750,13968750,13552500,11596250,8080000,10579.37,-4958.63,5946.259999999999,-6615.7,12236.150000000001,-12460.06,-20136.3,50088.04,-33127.8,3184.42,0,0,0,1.4081,-0.3371,-0.0325,0.0000,0.0000,0.0000,0.5069
DALBHARAT,497000,335000,1605500,1637000,1571000,1327500,1349500,1366000,1264000,1293000,1049000,653500,-8959.85,17944.49,21058.87,10904.29,-7470.66,-10496.96,4904.5599999999995,-11122.27,11979.449999999999,421.02,0,0,0,3.4052,0.3636,0.2062,0.0000,0.0000,0.0000,0.6740
DEEPAKNTR,897750,432500,1584000,1580500,1602000,1583000,1604250,1598250,1439750,1410000,1306500,910250,-10311.230000000001,-8085.490000000001,14616.69,14244.750000000002,-14938.429999999998,30289.14,8501.36,16162.609999999999,-17444.190000000002,1500.65,0,0,0,0.5756,0.4158,0.1508,0.0000,0.0000,0.0000,0.4818
DELTACORP,8307600,3588200,17794200,18373600,17199400,16170800,16945400,15026800,15080000,14655600,11088300,4666700,-9214.88,14583.41,11382.48,-9698.46,18165.409999999996,-6018.639999999999,5363.27,-17727.83,30794,7882.339999999999,0,0,0,0.2541,0.6068,0.1502,0.0000,0.0000,0.0000,0.4319
DIVISLAB,3812400,1787550,3358050,2094000,2122950,2109150,2114700,2040600,2051850,1957350,1710150,1303200,214370.77000000002,25180.61,-18367.96,-41800.67,66523.87,-16605.47,19896.28,26820.02,-25050.4,1619.68,0,0,0,323.8548,443.3565,11.0826,0.0000,0.0000,0.0000,0.4689
DIXON,310000,122000,538375,538625,528750,506000,533000,506750,487625,474125,423625,383750,6566.5199999999995,-4650.87,8022.42,-9563.32,-12549.19,12390.83,-8213.13,15878.439999999999,9065.5,708.88,0,0,0,0.3606,0.2094,0.2303,0.0000,0.0000,0.0000,0.3935
DLF,7388700,5478000,44256300,43904850,44315700,43563300,43739850,43563300,43319100,42850500,39959700,28424550,48958.63999999999,-19757.41,-34228.53,36958.28999999999,35268.43,27220.76,-36569.47,79711.03,72278.94,3021.87,0,0,0,5.1385,1.4510,0.1137,0.0000,0.0000,0.0000,0.7414
DRREDDY,1201875,799125,2092750,2075875,1987125,1992500,1913500,1871750,1612625,1464000,1259500,1002625,30761.989999999998,28172.81,-33413.42,-55184.659999999996,-73227.16,135358.15,37401.369999999995,-42796.83,40007.65,2130.14,0,0,0,2.3794,-0.1253,0.4676,0.0000,0.0000,0.0000,0.6649
EICHERMOT,1102675,715925,3196025,3247825,3241000,3141950,2931075,2851975,2742250,2774450,2182250,1346100,34347.71,-24667.96,-39370.43,57172.590000000004,48682.97,-38637.75,37730.729999999996,-62699.94,67739.52,3170.96,0,0,0,-0.5380,1.2971,0.9482,0.0000,0.0000,0.0000,0.6493
ESCORTS,901725,516450,1095325,1401675,1355475,1267750,1131350,1116500,1031525,1035100,666050,370150,32658.84,55954.909999999996,12532.5,-13412.16,30531.95,-14917.489999999998,-8754.369999999999,20930.719999999998,15236.210000000001,1157.18,0,0,0,60.8872,20.7508,0.5114,0.0000,0.0000,0.0000,0.5727
EXIDEIND,11368800,6703200,27547200,26503200,25779600,25671600,25938000,25534800,25293600,25466400,21063600,12985200,-21886.35,47452.42,4929.389999999999,-3775.3100000000004,4604.5199999999995,-5013.41,-6377.57,-19391.56,29006.89,2353.95,0,0,0,16.7539,20.0873,-0.0841,0.0000,0.0000,0.0000,0.5896
FEDERALBNK,34120000,27190000,81770000,85020000,86320000,80275000,81015000,81490000,81625000,82930000,73210000,48540000,-40290.31999999999,-36585.22,64947.48,-25018.119999999995,-40474.77,-35071.56999999999,36162.44,76064.04000000001,79774.09999999999,8200.37,0,0,0,4.2989,8.8685,0.0446,0.0000,0.0000,0.0000,0.7969
FSL,8148400,4139200,16395600,16972800,16572400,15771600,14461200,14970800,14939600,13878800,11190400,7716800,-5724.39,5011.07,-8768.01,27055.410000000003,-7771.219999999999,-11551.2,5658.84,-7760.66,11435.609999999999,619.07,0,0,0,-0.3637,-0.5732,0.0677,0.0000,0.0000,0.0000,0.5080
GAIL,31320450,19361400,54369300,58093350,53353650,51761550,50453100,48833550,46747350,47159100,43325250,33150450,-18382.749999999996,31380.889999999996,12524.02,-7822.099999999999,-9120.87,-15647.79,-18540.42,20274.399999999998,18031.25,1023.1500000000001,0,0,0,9.3125,3.0246,0.1164,0.0000,0.0000,0.0000,0.6182
GLENMARK,2927900,1882850,7814350,8015600,8008650,7935900,8260200,7871750,7731450,7717650,6305450,3485650,9247.079999999998,-4762.24,-10584.91,-12483.46,20508.43,6030.09,-7007.32,18317.460000000003,16075.8,335.59,0,0,0,2.8930,2.2709,-0.0056,0.0000,0.0000,0.0000,0.6431
GMRINFRA,63157500,23197500,117787500,116032500,112117500,111420000,111262500,112545000,111172500,110430000,85950000,53572500,9330.170000000002,9851.96,-3036.34,3615.7,-4670.31,-5907.37,-10679.5,59543,28424.51,1343.01,0,0,0,1.8589,5.7360,0.8777,0.0000,0.0000,0.0000,0.3673
GNFC,3164200,1387100,5465200,5470400,5606900,5543200,5376800,5398900,5166200,4980300,3981900,2486900,-12587.92,-11039.87,-8997.98,12917.410000000002,-17408.73,-17733.25,13356.25,-21521.23,20038.71,969.75,0,0,0,1.9446,1.7869,0.2352,0.0000,0.0000,0.0000,0.4384
GODREJCP,1269000,766000,7475000,7207000,7046000,6903000,6847000,6590000,6320000,6329000,5568000,3723000,15403.56,6732.259999999999,-6597.91,5051.12,-11813.01,7578.240000000001,-6141.110000000001,20528.489999999998,24429.2,808.64,0,0,0,14.6672,3.4045,1.2999,0.0000,0.0000,0.0000,0.6036
GODREJPROP,1036100,522925,4647925,4620450,4649925,4638025,4649550,4558050,4535575,4485975,3513575,2203175,11061.26,6988.65,-10770.63,13029.78,-11344.81,9057.38,-9329.359999999999,34834,24556.43,1489.6399999999999,0,0,0,2.5983,0.2794,0.3054,0.0000,0.0000,0.0000,0.5047
GRANULES,2958000,1236000,7646000,7574000,7898000,7938000,7810000,7708000,7400000,7454000,5928000,3008000,-7436.62,6106.75,-8237.37,9300.65,-6462.820000000001,-9965.37,-10057.37,25917.15,20690.870000000003,615.3,0,0,0,0.7655,-1.0453,0.4122,0.0000,0.0000,0.0000,0.4178
GRASIM,986575,874475,7075600,7110750,7073700,7072750,7129275,7269400,7261325,7232350,6655700,5436850,-22287.649999999998,-14590.7,13374.34,-16636.670000000002,-22737.940000000002,-20969.52,23399.4,-35864.340000000004,36168.810000000005,2342.79,0,0,0,5.1745,2.1854,2.1955,0.0000,0.0000,0.0000,0.8864
GSPL,1342500,595000,5532500,5595000,5607500,5480000,5490000,5570000,5500000,5110000,3750000,2112500,4278.39,-1051.56,-2135.43,2856.88,-4227.8,-4110.43,4191.67,7583.67,6598.89,593.55,0,0,0,4.6504,3.2445,-0.0112,0.0000,0.0000,0.0000,0.4432
GUJGASLTD,1313750,837500,4630000,4851250,4910000,4993750,5023750,5107500,5062500,5022500,4710000,4033750,-6122.17,4823.18,-4212.8099999999995,8436.9,-6394.61,19147.539999999997,-7818.99,-12150.28,17381.09,2218.82,0,0,0,1.6496,0.5396,0.3667,0.0000,0.0000,0.0000,0.6375
HAL,1614825,863075,4046425,4055725,4046025,3947700,3851725,3780950,3813425,3803800,3071825,2099500,40110.56,-38496.01,55027.009999999995,36429.65,26932.37,-29573.22,28984.03,-62217.66,59467.399999999994,2908.75,0,0,0,5.8942,3.4572,0.3044,0.0000,0.0000,0.0000,0.5345
HAVELLS,1050000,640000,4275500,4262000,4257500,4255000,4152500,4178500,4279000,4205000,4022500,3104500,12808.13,-8586.84,11471.590000000002,9819.820000000002,-9607.09,13391.08,8318.55,-13770.13,23180.98,1872.16,0,0,0,2.5298,1.1712,-0.0271,0.0000,0.0000,0.0000,0.6095
HCLTECH,5355700,2578100,14986300,14796600,14730800,14994000,14827400,14892500,14697900,15016400,13447700,10601500,27207.17,22091.49,-31028.23,45590.68,31065.76,25895.9,-25956.14,-68293.98000000001,52307.53,4694.7,0,0,0,0.7255,-0.1311,0.1505,0.0000,0.0000,0.0000,0.4814
HDFC,3460200,2541000,18093900,18073500,18088800,18087300,18315600,18830100,18586500,18744600,15085800,11868600,-50675.92999999999,61072.49999999999,104580.76000000001,-83755.39,-111213.82,84386.73000000001,63526.060000000005,-166396.78,-112106.81,15894.039999999999,0,0,0,-0.7436,-0.9166,0.0737,0.0000,0.0000,0.0000,0.7344
HDFCAMC,465900,219300,1765800,1793100,1793100,1790700,1785000,1791900,1760700,1715700,1659000,1197300,-3824.0699999999997,5041.94,-4646.48,7128.69,-5086.04,-5295.500000000001,-6721.22,17517.39,-21614.07,991.4300000000001,0,0,0,0.4131,0.7235,0.0441,0.0000,0.0000,0.0000,0.4707
HDFCBANK,13704350,9601900,62472300,61719350,59222350,59253150,59980800,61922850,62689000,62358450,55893750,43410950,-138949.05,140760.66,141275.91,-137558.74,-214151.49,176445.06,158542.64,-256779.15,263772.48,31671.59,0,0,0,0.4172,1.0976,0.1541,0.0000,0.0000,0.0000,0.7006
HDFCLIFE,6853000,4143700,22997700,22270600,21241000,21213500,21533600,22139700,22331100,22000000,16855300,12031800,-18668.4,14826.109999999999,15827.800000000001,-14434.49,20352.19,14175.05,-12348.17,-54794.82,38914.34,2600.66,0,0,0,3.8976,2.1148,0.4238,0.0000,0.0000,0.0000,0.6047
HEROMOTOCO,1894200,941400,2766900,3018900,2563800,2548500,2495400,2559600,2563200,2581500,2335200,1813200,-27327.489999999998,49727.990000000005,18444.359999999997,-29193.329999999998,21392.97,-27508.88,-33650.66,35846.14,38443.159999999996,1649.6599999999999,0,0,0,3.5010,-0.8342,-0.1642,0.0000,0.0000,0.0000,0.4970
HINDALCO,13652300,8717825,28869025,28872425,28195925,28104850,27898425,27380050,28249825,27919900,21333375,14535075,-64818.82000000001,62240.270000000004,-37730.88,44608.850000000006,45155.13,-22130.260000000002,45804.44,-108832.62,56969.37,3077.91,0,0,0,4.7031,18.3025,0.4404,0.0000,0.0000,0.0000,0.6386
HINDCOPPER,9593300,4502600,18321700,18970800,19171900,18544100,19178500,18241600,17548300,16641000,12246400,9515900,14019.01,-6458.469999999999,5738.910000000001,4852.64,-4969.72,-4489.97,4982.82,-15011.64,7573.530000000001,367.22999999999996,0,0,0,16.2623,7.2497,1.4444,0.0000,0.0000,0.0000,0.4693
HINDPETRO,7838100,5362200,20763000,21678300,20860200,20347200,20093400,19264500,19021500,18794700,14337000,9471600,-17120.22,-21018.929999999997,22922.45,-7048.61,6562.499999999999,-5396,-5676.0599999999995,-19910.95,17229.949999999997,762.09,0,0,0,-0.6399,-0.3799,-0.1365,0.0000,0.0000,0.0000,0.6841
HINDUNILVR,2473200,1775700,7714200,7780200,7675200,7834200,7770600,7979700,8079900,8242800,7291200,4985700,27415.57,-18090.420000000002,-23834.190000000002,39403.159999999996,-41092.91,-33245.98,-40117.64,-82146.73,-115124.75,23265.69,0,0,0,3.1345,1.6793,0.0877,0.0000,0.0000,0.0000,0.7180
HONAUT,3855,615,30630,31830,29655,30150,30465,30720,30780,18885,15825,9435,4717.5,-3640.5400000000004,-2434.92,-2514.5099999999998,-4615.14,-6200.76,14917.259999999998,-4339.41,-4581.99,108.05,0,0,0,1.1664,-0.0526,-0.1042,0.0000,0.0000,0.0000,0.1595
IBULHSGFIN,13316000,7632000,42796000,42772000,41436000,40936000,40856000,40688000,39696000,37348000,30596000,9212000,-12748.07,20176.690000000002,-8469.220000000001,11419.58,-8629.429999999998,-12644.02,16598.32,-25093.53,46947.82,5939.04,0,0,0,5.0977,5.5749,0.2868,0.0000,0.0000,0.0000,0.5731
ICICIBANK,25165950,14263600,89676225,86034525,82928200,80639500,79311875,77325625,76554025,75167125,65573750,51392000,209630.8,-128320.45,176463.37,-90398.34,180668.48,-120620.15000000001,172300.58999999997,-263819.07,285017.85000000003,62721.780000000006,0,0,0,0.8184,0.9666,0.2035,0.0000,0.0000,0.0000,0.5668
ICICIGI,442000,232475,5009900,5018400,5038800,4983975,4950400,4858175,4777425,4809300,4184550,2810950,6873.38,-4137.68,-4104.0599999999995,6290.5,-6014.070000000001,6691.94,-4003.21,-16296.43,-24630.66,902.6500000000001,0,0,0,0.4965,0.2925,1.1532,0.0000,0.0000,0.0000,0.5260
ICICIPRULI,1366500,1302000,7525500,7443000,7389000,7398000,7369500,7251000,7138500,7011000,5098500,3919500,5246.37,-3754.34,5412.07,-3676.5299999999997,9056.45,6257.79,-6574.150000000001,22035.170000000002,16621.28,431.21000000000004,0,0,0,0.9716,0.1493,0.3569,0.0000,0.0000,0.0000,0.9528
IDEA,276710000,161630000,581770000,582540000,569030000,566090000,563080000,562800000,560070000,536340000,442330000,359380000,-3927.0299999999997,7766.780000000001,-3286.75,-1517.63,4950.330000000001,-2805.11,7132.29,-32049.5,20540.31,857.8100000000001,0,0,0,4.2657,1.8311,0.0044,0.0000,0.0000,0.0000,0.5841
IDFC,29740000,22240000,107720000,112490000,111690000,110730000,111530000,110790000,110630000,110540000,95110000,60310000,30162.93,-14819.439999999999,17239.600000000002,5714.48,-7220.360000000001,-9046.08,8207.42,-32433.06,39003.37,3566.15,0,0,0,41.5549,1.9700,0.8736,0.0000,0.0000,0.0000,0.7478
IDFCFIRSTB,102810000,54825000,153690000,154665000,158205000,160665000,164160000,166170000,170310000,169740000,137670000,107055000,33144.130000000005,-22727.46,51396.68,25566.75,-18121.409999999996,-22950.1,27976.36,-67422.06,64892.34,13808.64,0,0,0,1.3651,0.2632,0.4642,0.0000,0.0000,0.0000,0.5333
IEX,18930000,14958750,47396250,47962500,47595000,48322500,49537500,49965000,49271250,48555000,35707500,26842500,12914.349999999999,10783.49,-9966.470000000001,13376.84,8747.03,9716.169999999998,-8762.759999999998,-38183.26,31015.85,2397.55,0,0,0,1.7289,4.5578,0.1047,0.0000,0.0000,0.0000,0.7902
IGL,2906750,1929125,10388125,10478875,10474750,10214875,10612250,10428000,10495375,10898250,9869750,8123500,6830.81,-11897.01,-8752.93,9915.029999999999,-12516.95,-12142.07,-18456.44,-36800.490000000005,45173.630000000005,2328.38,0,0,0,1.7561,-0.1564,0.4189,0.0000,0.0000,0.0000,0.6637
INDHOTEL,9200314,5232622,31507842,30977070,29981878,30070384,29428930,28423452,26955422,27112302,23870570,16743586,47245.090000000004,28736.809999999998,32781.72,-26820.68,-49363.69,39923.619999999995,-15415.490000000002,-36357.2,43605.22,5025.16,0,0,0,4.8135,2.8963,0.4529,0.0000,0.0000,0.0000,0.5687
INDIACEM,13151500,7374700,17536300,14932100,14836400,14708800,12838300,12826700,11933500,11420200,8485400,2737600,82605.8,18760.469999999998,-11492.16,38330.27,-11744.14,-18220.33,10271.210000000001,-21343.88,29668.36,2548.37,0,0,0,33.7660,32.3184,0.6024,0.0000,0.0000,0.0000,0.5607
INDIAMART,140850,48750,279600,287400,289200,286650,283950,260400,246900,235650,174000,148500,6359.849999999999,-3648.7799999999997,6819.14,-3252.13,-5957.45,7473.760000000001,-4340.910000000001,11376.300000000001,7341.419999999999,459.81,0,0,0,4.4701,1.7742,0.0381,0.0000,0.0000,0.0000,0.3461
INDIGO,1503000,673200,4222800,4247400,4236000,4192500,4223700,4074000,3966000,3942300,3108300,1653000,37374.98,23655.620000000003,-10609.63,-19435.91,24889.25,13967.16,-9814.57,31070.129999999997,36906.479999999996,1599.8,0,0,0,26.1300,2.7627,0.2623,0.0000,0.0000,0.0000,0.4479
INDUSINDBK,9891450,6061050,27862200,27447750,27447300,27445500,27486000,27588150,27248400,27380700,23252400,14854500,45997.560000000005,-39818.51,50825.93,-43991.28,52729.01,-43201.899999999994,63622.3,-126399.25,153649.9,9621,0,0,0,8.9307,1.6551,0.5237,0.0000,0.0000,0.0000,0.6128
INDUSTOWER,5986400,3416000,16556400,17220000,17586800,18516400,17766000,18104800,17234000,16226000,14655200,9394000,4756.700000000001,-5198.34,7065.71,-5896.3099999999995,-6105.74,5601.95,-9606.18,-11148.34,16050.36,693.4200000000001,0,0,0,1.6232,0.2856,-0.0727,0.0000,0.0000,0.0000,0.5706
INFY,11727300,5217800,30534400,29845800,28573500,28651000,28612300,29223900,29071200,29211300,29199600,22481400,113943.89,95688.68,-55578.89,-68378.34000000001,132922.46000000002,106774.69,-56107.4,186398.71000000002,-166391.09,18632.03,0,0,0,5.8924,13.5539,0.3622,0.0000,0.0000,0.0000,0.4449
INTELLECT,2766750,1722000,5387500,4115500,4133250,3893750,3767750,3242250,1726500,1721250,1229250,684750,-15308.439999999999,13625.970000000001,6366.1900000000005,-5113.1,-9464.210000000001,24315.64,-1700.75,6053.07,5487.780000000001,183.96,0,0,0,-2.0743,0.4207,0.4104,0.0000,0.0000,0.0000,0.6224
IOC,39555750,22415250,81237000,81334500,81529500,80993250,81237000,80252250,78380250,76508250,56608500,39516750,13566.59,-5957.16,-5984.900000000001,5043.01,-7329.21,-8513.679999999998,10570.46,-34497.98,27057.34,1884.21,0,0,0,4.3679,1.0071,0.2340,0.0000,0.0000,0.0000,0.5667
IPCALAB,206700,75400,1572350,1438450,1395550,1331850,1250600,1250600,1196000,1116700,1082250,843700,4735.410000000001,-1936.3500000000001,-4226.69,-6285.76,-5887.87,3675,3131.41,-4908.49,9657.07,181.53,0,0,0,3.1075,0.7494,1.1984,0.0000,0.0000,0.0000,0.3648
IRCTC,8253875,5205375,13825875,13997375,14283500,13257125,13300875,13497750,13671875,13651750,13205500,11355750,-61893.5,59572.630000000005,-36691.18,52054.98,-17377.079999999998,19922.86,11679.5,-31535.7,-32685.11,4275.74,0,0,0,2.9265,33.1051,0.3444,0.0000,0.0000,0.0000,0.6307
ITC,55179200,28532800,77339200,78563200,78088000,77171200,74630400,74368000,74892800,74505600,61632000,42499200,48807.93,-31594.620000000003,-56216.61,84281.67,-55370.94,51839.1,-33399.229999999996,-120525.73,114491.98999999999,11958.21,0,0,0,1.9759,3.0422,0.1039,0.0000,0.0000,0.0000,0.5171
JINDALSTEL,4466250,4515000,26203750,25855000,25322500,25498750,26203750,25945000,25863750,27243750,20976250,9491250,47953.979999999996,-30273.96,-18322.57,-33364.91,22574.91,-23137.99,37478.61,-69997.06999999999,80496.93,2282.09,0,0,0,1.9470,23.3222,0.1797,0.0000,0.0000,0.0000,1.0109
JKCEMENT,125000,34000,514500,517750,478250,464000,457750,419750,361000,359750,325750,217250,-4735.53,-5276.35,-3747.69,-11492.88,11519.12,7293.58,2130.0200000000004,-5763.38,8544.76,257.55,0,0,0,0.2697,0.5441,0.0467,0.0000,0.0000,0.0000,0.2720
JSWSTEEL,6997050,6201900,25172100,25639200,25875450,25681050,25901100,26230500,26168400,26393850,26144100,20877750,-60361.25000000001,57373.310000000005,-26327.32,-30069.72,43279.93000000001,-22469.140000000003,-42838.43,100655.79000000001,80222.3,12773.3,0,0,0,2.6901,9.0932,0.9394,0.0000,0.0000,0.0000,0.8864
JUBLFOOD,4721250,2100000,11210000,11063750,11048750,10975000,10951250,10848750,11101250,11032500,9671250,8562500,-26319.309999999998,11699.5,-18087.54,16469.82,-25751.41,28375.8,-9138.37,-24470.01,30822.05,1641.2,0,0,0,18.6441,4.2702,0.2311,0.0000,0.0000,0.0000,0.4448
KOTAKBANK,4816400,2449200,21436400,21064000,21679200,21512400,22041200,22664000,23312800,23350400,21054000,14470800,83722.15,-58264.36000000001,-55020.6,-41614.48,88538.75,-74907.53,-85930.97,-157649.99000000002,215038.38,27270.079999999998,0,0,0,1.2979,2.7204,0.8279,0.0000,0.0000,0.0000,0.5085
L&TFH,37177384,16170288,54034820,55186016,54106212,54106212,52696220,53570772,53463684,51848440,40907616,26923708,-12019.949999999999,-11113.93,26436.99,9533.53,9690.19,-9432.400000000001,10480.98,-24424.95,23902.11,1234.1399999999999,0,0,0,5.0127,2.3903,0.2488,0.0000,0.0000,0.0000,0.4349
LALPATHLAB,326500,169750,1085000,1040000,1020500,1019750,1015750,1014000,1017000,944750,904500,716500,-8075.41,6523,-5309.570000000001,-10928.489999999998,11116.36,-7029.870000000001,-10771.85,11647.54,16272.5,532.52,0,0,0,1.8680,9.8806,0.1918,0.0000,0.0000,0.0000,0.5199
LAURUSLABS,2445300,1338500,7707800,7922300,7650200,7669400,7838600,7787400,7269000,6607800,5069700,2745000,-7308.31,6835.099999999999,-5398.59,-9284.21,17122.52,-19210.239999999998,13413.96,-16818.100000000002,26962.27,2549.79,0,0,0,0.4206,-0.1566,0.0695,0.0000,0.0000,0.0000,0.5474
LICHSGFIN,16028000,9734000,18654000,20198000,21058000,22826000,14090000,13820000,13908000,14266000,11570000,7654000,8389.36,3503.8900000000003,-6475.72,210520.25999999998,-33131.29,51718.71,-26306.76,37040.68,32832.89,1696.74,0,0,0,-3.5450,-1.8506,-0.2278,0.0000,0.0000,0.0000,0.6073
LT,4360800,2337900,8963700,8991300,8980800,8904600,9163500,9604500,8976300,9050700,7996500,4783500,28655.95,-28476.75,-30218.45,-42782.119999999995,141671.69,75166.44,49410.350000000006,-89893.44,103149.08,5825.400000000001,0,0,0,0.4369,-0.1783,0.2454,0.0000,0.0000,0.0000,0.5361
LTI,377550,168600,1151850,1151400,1115100,1103550,1098150,1116450,1158000,1089750,827850,623400,-14737.609999999999,12049.160000000002,-9924.93,-14560.7,22748.6,-18937.19,-18444.02,36324.06,22633.32,1036.88,0,0,0,0.3407,0.0379,0.4945,0.0000,0.0000,0.0000,0.4466
LTTS,282400,151600,1092800,1153000,1120200,1095800,1101200,1119600,1146800,1105800,950000,809200,12565.689999999999,-10364.6,8389.49,-9712.660000000002,11078.34,15889.92,-9479.689999999999,-19665.21,21259.079999999998,1174.56,0,0,0,6.7455,0.6863,0.1486,0.0000,0.0000,0.0000,0.5368
LUPIN,2828800,1449250,7234350,7397550,7454500,7536950,7355050,7192700,7020150,6913050,5495250,3768900,25152.09,13015.62,11428.57,-15985.689999999999,-18027.59,14301.74,-10055.14,31441.84,26529.44,1013.54,0,0,0,3.9437,0.6749,0.1537,0.0000,0.0000,0.0000,0.5123
M&M,4150300,2508100,10584700,10741500,10727500,10336200,9856700,10421600,10262700,10025400,7554400,5576900,-31536.34,-29380.25,36860.799999999996,36233.35,-53313.15,75159.26,45412.729999999996,-89487.58,66680.34,4115.26,0,0,0,7.0552,0.8455,0.1377,0.0000,0.0000,0.0000,0.6043
M&MFIN,19964000,24468000,22512000,22796000,25068000,25904000,24720000,20608000,18364000,17728000,16320000,14512000,-13168.910000000002,-32496.23,155696.77000000002,-53323.45,38387.85999999999,28556.48,-14898.68,-22308.37,16392.95,1560.37,0,0,0,-1.1216,-0.4144,-0.1620,0.0000,0.0000,0.0000,1.2256
MANAPPURAM,11028000,6450000,32406000,28944000,28374000,27822000,27570000,26982000,25908000,25548000,21354000,14976000,16828.97,-5553.01,-7575.55,5768.549999999999,6781.8099999999995,-4832.83,5333.34,-12494.140000000001,13094.01,773.02,0,0,0,5.5684,28.3285,0.3251,0.0000,0.0000,0.0000,0.5849
MARICO,5322000,2368800,10604400,8677200,8610000,8558400,8650800,8548800,8583600,8450400,7653600,5916000,48415.31,-6813.47,11160.339999999998,-4436.429999999999,6694.57,8220.81,-8148.28,11320.039999999999,17446.230000000003,354.01,0,0,0,89.3563,149.2583,8.5788,0.0000,0.0000,0.0000,0.4451
MARUTI,3185600,1797400,2866000,2925000,2951700,3003300,2905600,3055100,3199100,2839600,2477600,1765100,-71161.56,-59164.11,-87778.26,-112980.35,-134755.08000000002,-320308.43000000005,396285.6,-160152.56,153155.30000000002,7026.27,0,0,0,-0.5127,-0.1833,0.1072,0.0000,0.0000,0.0000,0.5642
MCDOWELL-N,5523750,2818750,18399375,18558750,18506875,18591250,18915000,19026875,18911250,18970000,16731875,10505000,-19304.460000000003,-15381,28169.440000000002,25121.030000000002,-31886.4,53203.49,25873.64,-60665.100000000006,124851.45999999999,14115.09,0,0,0,2.7568,1.6049,0.2900,0.0000,0.0000,0.0000,0.5103
MCX,742800,316400,2224000,2273200,2275200,2336400,2300800,2354400,2306000,2359200,2029200,809200,11086.44,-2734.28,5938.799999999999,9302.060000000001,6816.48,-7461.6,-9331.25,-24769.25,48471.759999999995,3183.7,0,0,0,5.7823,11.2498,0.0666,0.0000,0.0000,0.0000,0.4260
METROPOLIS,319200,152700,852400,822300,812400,817000,784200,744700,643900,595800,533700,405300,-4112.999999999999,3584.13,-3204.55,4824.370000000001,-13688.02,9126.07,4957.19,-6038.48,9819.07,273.8,0,0,0,0.0603,1.4010,0.6000,0.0000,0.0000,0.0000,0.4784
MFSL,563550,185250,2033200,2026700,2011100,2115750,2384200,2276300,2393300,2528500,1874600,1198600,-2539.2900000000004,-3017.6099999999997,4821.070000000001,-5184.99,7253.1900000000005,-6401.55,8056.01,-10270.47,10572.44,409.66,0,0,0,-0.6100,1.3401,0.0191,0.0000,0.0000,0.0000,0.3287
MGL,872000,492800,3242400,3240000,3228000,3140000,3123200,3151200,3149600,3316000,3066400,1874400,6906.37,-3667.56,6980.46,7519.78,-3626.3399999999997,-6981.83,-9214.83,-19529.14,23303.84,562.5500000000001,0,0,0,3.9362,0.1490,0.0008,0.0000,0.0000,0.0000,0.5651
MINDTREE,859200,528800,2570200,2574600,2581600,2584000,2625400,2679000,2719800,2654000,2239600,1385400,-13447.31,-14793.97,-15255.800000000001,-21768.36,26920.999999999996,-28259.909999999996,-29405.75,51984.94,52374.32000000001,1882.14,0,0,0,6.9063,0.4530,1.1489,0.0000,0.0000,0.0000,0.6155
MOTHERSON,26433000,14067000,102998250,100561500,99839250,99623250,99731250,101965500,99974250,98901000,81573750,50294250,17507.14,8690.57,-4146.77,-3961.17,10681.910000000002,7278.43,-7104.389999999999,34335.75,31961.649999999998,1053.78,0,0,0,11.2788,8.3187,-0.2419,0.0000,0.0000,0.0000,0.5322
MPHASIS,673575,346525,2325000,2350350,2268225,2227100,2276275,2327200,2403150,2328200,1802325,1418900,-5396.83,8312.83,-10244.609999999999,9411.720000000001,11101.84,-8796.099999999999,-12377.08,23840.35,16029.56,1088.19,0,0,0,3.3882,1.1299,0.2329,0.0000,0.0000,0.0000,0.5145
MRF,22690,24100,58170,50690,50460,49860,50300,50700,50420,48220,45190,40340,47145.96,-6859.34,-5388.28,-9618.07,-12930.869999999999,-15845.539999999999,14142.130000000001,-12870.23,-17028.929999999997,1667.74,0,0,0,24.2295,20.1823,1.8559,0.0000,0.0000,0.0000,1.0621
MUTHOOTFIN,2361925,1252100,7634550,7614825,7464000,7508800,7382350,7105575,6935600,6737250,6288750,5110875,29023.230000000003,17056.71,-6293.860000000001,-13531.050000000001,19723.5,-10144.56,-8805.27,-20147.43,24947.13,542.58,0,0,0,67.5763,37.4485,0.1660,0.0000,0.0000,0.0000,0.5301
NATIONALUM,23515250,14092000,68204500,68103000,66692000,65050250,64826000,65832000,67224750,66601750,42937750,29975250,27168.64,18550.980000000003,-7740.74,-9748.829999999998,-8504.61,-7497.84,12103.130000000001,39581.36,17836.41,721.59,0,0,0,18.4848,24.2659,0.6040,0.0000,0.0000,0.0000,0.5993
NAUKRI,512875,229125,1894500,1794000,1768625,1727875,1730375,1692125,1714500,1667125,1473500,946000,16844.74,-7524.740000000001,12564.85,-8118.7300000000005,-13802.539999999999,-12105.779999999999,11953.72,-36125.39,32251.269999999997,702.86,0,0,0,2.4834,2.0428,0.9099,0.0000,0.0000,0.0000,0.4467
NAVINFLUOR,166275,76950,438225,449100,448200,444150,475875,483525,482625,478125,402300,231300,9088.510000000002,5561.820000000001,5592.95,-8892.65,11303.79,-10456.560000000001,-10372.66,16707.550000000003,14887.95,1430.41,0,0,0,0.3440,0.3247,0.1101,0.0000,0.0000,0.0000,0.4628
NESTLEIND,53280,27720,252160,254880,254560,250320,258440,259520,271200,255360,222680,164040,12968.449999999999,-5136.66,-8644.939999999999,10485.070000000002,11286.449999999999,-14981.32,-15810.5,-33525.28999999999,27679.21,6297.969999999999,0,0,0,1.5568,-1.0585,0.0346,0.0000,0.0000,0.0000,0.5203
NMDC,18535550,15862250,22662800,21674250,21148300,19707800,21175000,24106150,18783650,14190600,3470600,7698300,12116.930000000002,-11351.529999999999,-17043.08,-23478.21,21252.7,-14178.65,-17501.42,33001.47,14716.92,1620.04,0,0,0,4.8226,7.5496,0.4039,0.0000,0.0000,0.0000,0.8558
NTPC,34011900,22526400,51134700,50296800,49954800,50787000,49994700,45451800,51243000,50701500,45069900,29719800,35001.48,-26287.8,31566.26,-31876.13,86360.22,64861.9,39580.96000000001,53983.5,59973.22,1933.2800000000002,0,0,0,1.7346,3.3484,0.0414,0.0000,0.0000,0.0000,0.6623
OBEROIRLTY,540400,268100,5966100,6032600,6029800,6057100,6086500,6111700,6101200,6211800,5470500,4543000,6950.37,-4461.17,8213.77,8878.630000000001,-5844.93,-8309.82,-10073.52,17529.87,-14770.990000000002,681.7299999999999,0,0,0,-0.2278,0.6012,-0.0404,0.0000,0.0000,0.0000,0.4961
OFSS,158400,71200,579400,600000,603800,607000,606200,570600,557200,551200,351800,209400,-3435.43,4985.84,-2361,6291.64,-4030.87,-2422.05,-2140.5699999999997,10864.34,7224.61,369.91999999999996,0,0,0,0.8887,3.1329,-0.0481,0.0000,0.0000,0.0000,0.4495
ONGC,19396300,11415250,43531950,43247050,43655150,43304800,42003500,40748400,40783050,40009200,32844350,22534050,10863.089999999998,8349.94,-8444.15,18026.22,-9874.560000000001,-10201.69,22734.670000000002,-26660.47,27456.36,1761.51,0,0,0,17.2354,2.9092,0.1082,0.0000,0.0000,0.0000,0.5885
PAGEIND,9690,3810,113535,113310,112515,108750,105810,101985,99705,89010,71520,57960,18882.13,-9227.85,14993.060000000001,-13538.83,19935.82,-18785.13,-21048.95,24090.97,16010.71,741.6800000000001,0,0,0,2.1659,1.1357,1.0037,0.0000,0.0000,0.0000,0.3932
PEL,1678325,869825,5127100,5245900,5336650,5260475,5218950,5168625,5185950,5049825,3594800,1814725,-7682.0599999999995,-15492.349999999999,31039.909999999996,5294.68,-3977.38,4997.389999999999,-5031.8099999999995,23576.5,21127.55,1013.37,0,0,0,1.4643,11.2607,-0.0586,0.0000,0.0000,0.0000,0.5183
PERSISTENT,167700,63450,546925,574650,598600,608350,621250,607425,563150,542850,415500,288450,-9810.5,-7715.29,8245.900000000001,-6817.339999999999,9331.43,-9218.34,11929.12,-19672.88,20426.87,2086.91,0,0,0,4.2923,-0.6719,0.1919,0.0000,0.0000,0.0000,0.3784
PETRONET,3459000,2877000,13308000,13404000,13746000,13602000,13752000,14469000,13479000,13590000,11043000,7938000,7371.990000000001,-3184.81,-2962.7700000000004,-3018.0299999999997,-5925.549999999999,-7707.54,13262.67,-12488.769999999999,11510.35,208.26999999999998,0,0,0,2.7450,1.0469,0.1990,0.0000,0.0000,0.0000,0.8317
PFC,17019000,10372600,49755000,50065000,49972000,49903800,50703600,50145600,52619400,54343000,47237800,35693400,9063.82,-4681.9400000000005,6515.59,-6936.24,-10066.71,-13597.52,-18249.81,39653.78,24522.370000000003,4442.62,0,0,0,16.6943,9.1849,-0.0303,0.0000,0.0000,0.0000,0.6095
PIDILITIND,476250,261250,3271250,3179250,3114750,3072750,3021000,3052000,2987750,2971500,2693250,2230500,21608.449999999997,-9901.48,-12704.23,22045.94,21589.219999999998,-18434.16,-11549.14,34218.659999999996,28421.210000000003,1390.4699999999998,0,0,0,7.6728,3.3132,0.3399,0.0000,0.0000,0.0000,0.5486
PIIND,131250,87250,1801250,1664500,1663250,1676250,1696750,1641500,1618250,1609000,1385750,1042500,-17191.26,5906.31,-2718.61,-6249.889999999999,11651.7,8525.52,-5759.32,19688.32,17500.98,337.41,0,0,0,8.3187,10.7421,0.5286,0.0000,0.0000,0.0000,0.6648
PNB,184848000,89184000,258688000,245088000,247968000,263136000,275168000,255952000,243792000,237376000,236592000,163504000,75542.73000000001,-2762.2,6377.09,-4827.29,123089.36,-56762.58,63466.38,-25382.41,77815.04,3811.7000000000003,0,0,0,71.7089,9.5088,0.9122,0.0000,0.0000,0.0000,0.4825
POLYCAB,829200,271500,897300,880500,883500,814800,699300,683400,702000,724500,699000,640800,-7384.58,-10884.119999999999,18343.95,22967.37,-5131.68,-6070.25,7625.84,-12867.48,17783.05,1096.77,0,0,0,0.2289,1.1664,0.0908,0.0000,0.0000,0.0000,0.3274
POWERGRID,10978200,7133400,34114500,33636600,32591700,31868100,29497500,28822500,28692900,28096200,24432300,19569600,25263.07,-12610.5,18671.170000000002,-23797.76,30631.890000000003,-14903.119999999999,20299.85,29244.52,30350.34,2958.32,0,0,0,1.2720,2.4671,0.5616,0.0000,0.0000,0.0000,0.6498
PVR,1061049,559625,2607649,2729342,2767193,2765565,2651605,2665036,2744808,2733819,2406998,1896620,-17965.37,28824.9,-12667.060000000001,21385.920000000002,-8180.970000000001,13750.51,11150.970000000001,-20386.469999999998,26739.07,1090.19,0,0,0,8.5517,11.5837,2.0149,0.0000,0.0000,0.0000,0.5274
RAIN,8960000,4578000,12306000,13443500,13860000,11837000,10832500,11119500,10293500,10153500,7619500,5040000,-12245.609999999999,20168.789999999997,-15294.900000000001,15310.85,-5995.23,15373.3,4656.889999999999,-9969.72,9496.93,537.9799999999999,0,0,0,4.8409,2.7377,-0.1854,0.0000,0.0000,0.0000,0.5109
RAMCOCEM,748850,291550,3308200,3221500,3233400,3145000,3145000,3149250,3061700,2986050,2517700,1964350,13859.609999999999,-9318.019999999999,3920.97,5121.070000000001,-8954.380000000001,10882.740000000002,3214.73,10604.78,-11611.550000000001,350.14,0,0,0,14.4759,3.6705,-0.0556,0.0000,0.0000,0.0000,0.3893
RBLBANK,24900000,19260000,43860000,46370000,46760000,48930000,48465000,49065000,49680000,45555000,39920000,23170000,20534.57,-13567.47,20955.65,22355.12,-18607.699999999997,-26156.03,-89668.01,95171.26000000001,-54047.030000000006,8478.83,0,0,0,1.6681,1.9572,0.1062,0.0000,0.0000,0.0000,0.7735
RECLTD,20296000,16656000,42080000,41552000,41528000,41176000,41264000,41304000,43000000,45344000,34952000,26112000,14512.259999999998,-9043.6,7178.37,5403.78,-9500.75,-20769.84,26035.48,38266.09,17129.38,989.8100000000001,0,0,0,67.5301,51.5663,3.0124,0.0000,0.0000,0.0000,0.8207
RELIANCE,13976000,9793500,31939250,31884500,31669500,31485250,31860750,32032250,32571500,33278250,25651750,18312000,-208757.86,258914.88,-130930.31000000001,-156310.86,238107.08,-210822.89,327737.18999999994,-370662.91,284241.54000000004,41769.36,0,0,0,40.8670,75.6735,0.0989,0.0000,0.0000,0.0000,0.7007
SAIL,39858000,26172000,98664000,93494000,92238000,94298000,94486000,98854000,96502000,92754000,68736000,45720000,42214.16,35650.869999999995,16249.52,-14212.35,22190.799999999996,-14740.039999999999,34296.92,55149.67,35775.88,1953.0300000000002,0,0,0,5.4017,44.8743,0.3781,0.0000,0.0000,0.0000,0.6566
SBICARD,4997600,2263200,6566400,6490400,5904000,5796000,6074400,6000000,6824000,6088000,5167200,3209600,-20500.48,14708.65,-9405.769999999999,12399.619999999999,-11207.17,-24546.6,92460.34999999999,-47401.5,-34230.060000000005,4113.2,0,0,0,6.4869,7.0766,0.7537,0.0000,0.0000,0.0000,0.4529
SBILIFE,1318500,602250,5317500,5373750,5353500,5400750,5302500,5328000,5277000,5284500,4836000,3600750,-9780.32,6463.69,-6136.86,-7967.29,15250.78,-7778.67,-8188.22,-23412.18,39861.04,3449.2599999999998,0,0,0,1.3752,0.1681,-0.0216,0.0000,0.0000,0.0000,0.4568
SBIN,59359500,44968500,62638500,67128000,66109500,62698500,62152500,60168000,59403000,57652500,49218000,32269500,-527807.29,-445423.57,302483.56,-122700.73,155949.36000000002,-87111.62000000001,119767.57,-180046.61,244128.09999999998,33793.8,0,0,0,31.9262,120.2262,0.6392,0.0000,0.0000,0.0000,0.7576
SHREECEM,81675,65175,280350,285800,280650,263350,282000,291800,282950,294250,297475,289550,16150.5,-13850.49,16610.7,18390.59,-14943.96,20051.730000000003,-11351.13,-27121.22,34327.48,793.3,0,0,0,2.9026,10.0783,0.7419,0.0000,0.0000,0.0000,0.7980
SIEMENS,284625,155375,1538350,1543025,1525425,1514975,1544400,1465475,1435500,1381600,1200650,731500,-12093.21,14938.710000000001,-8146.070000000001,5136.52,13670.55,-11602.9,18689.75,18032.16,22009.41,606.3100000000001,0,0,0,4.7985,0.3575,17.0606,0.0000,0.0000,0.0000,0.5459
SRF,2930250,1357500,4679625,4339875,3891750,3854250,3644250,3606750,3686250,3626625,3058125,2045625,-48711.869999999995,89437.09,-119615.01,-62533.71,39714.05,27407.320000000003,12302.16,-32299.870000000003,43386.16,7803.370000000001,0,0,0,11.9392,5.8892,1.5534,0.0000,0.0000,0.0000,0.4633
SRTRANSFIN,894000,607800,3526800,3549000,3581400,3754200,3750600,3811800,3666000,3609600,3426000,2910600,11836.32,-10678.18,14659.27,9755.07,-17851.93,15502.689999999999,-13044.460000000001,-27780.510000000002,32569.18,1642.34,0,0,0,6.2126,0.7192,0.1811,0.0000,0.0000,0.0000,0.6799
SUNPHARMA,8563100,4440800,19589500,19520200,19793200,20059200,19823300,19250700,19421500,19770100,16755200,12176500,37712.94,-23824.98,-28932.82,82889.25,-141518.09,38114.28999999999,-44379.66,72944.71,-82550.55,2097.83,0,0,0,2.3652,-2.0847,-0.0475,0.0000,0.0000,0.0000,0.5186
SUNTV,2682000,1003500,9255000,9384000,9261000,9168000,9523500,9703500,9771000,9738000,7683000,3850500,-8037.410000000001,23481.96,-10514.28,26219.5,-7293.92,-8920.06,-6900.53,21257.030000000002,26374.43,1380.34,0,0,0,1.3990,-0.6731,0.2704,0.0000,0.0000,0.0000,0.3742
SYNGENE,1473000,702000,1868000,1956000,2267000,2274000,2206000,2258000,2364000,2109000,1801000,1307000,-4356,10343.08,-4495.7699999999995,8295.460000000001,-4563.469999999999,-8484.26,11784.67,-7477.360000000001,7664.49,358.89,0,0,0,-0.0542,0.1711,-0.0693,0.0000,0.0000,0.0000,0.4766
TATACHEM,8256500,3914000,7580000,7768000,7712000,7528500,7400500,7466500,8026000,7812000,6614000,4193000,-39809.22,36766.82,-21046.570000000003,38400.25,-41983.54000000001,-42520.91,150580.79,-82714.91,74318.55,4256.84,0,0,0,0.9138,0.3101,0.0757,0.0000,0.0000,0.0000,0.4741
TATACOMM,772500,257500,2660500,2750000,2709500,2696500,2762000,2741000,2583500,2613500,1954000,1102000,-10536.220000000001,10324.16,-4398.17,7066.53,-9108.880000000001,15027.7,-5901.14,-14721.890000000001,20964.489999999998,1250.14,0,0,0,0.2508,1.9842,0.0939,0.0000,0.0000,0.0000,0.3333
TATACONSUM,3138300,1488600,9327600,9540000,9594900,9234000,9063900,8974800,9023400,8618400,7020000,5119200,13412.689999999999,-6904.31,-12304.859999999999,-9778.7,21250.29,-11782.76,-12302.58,35417.310000000005,-28079.83,1758.79,0,0,0,2.7340,-0.6929,0.2385,0.0000,0.0000,0.0000,0.4743
TATAMOTORS,33342150,23230350,67670400,66208350,65662575,64803300,67582050,67307025,66262500,65371875,53951925,37686975,113260.31,101534.67,74031.39,-84986.93,120991.92,-59657.71,-86353.29000000001,175997.40999999997,181128.47,13084.86,0,0,0,15.1466,16.3095,0.3085,0.0000,0.0000,0.0000,0.6967
TATAPOWER,46136250,30749625,99947250,100298250,99495000,98091000,97105500,99336375,95812875,94020750,71286750,37489500,34521.45,-27557.02,-30290.460000000003,-32591.16,69269.97,-87785.56999999999,-68568.33,129656.99,118633.8,6761.570000000001,0,0,0,8.3215,0.8963,0.4312,0.0000,0.0000,0.0000,0.6665
TATASTEEL,106371500,72442500,226006500,221690250,207577250,203930000,206306250,208696000,206296000,208101250,136782000,82845250,-83976.79999999999,105504.77,53417.11,-60364.990000000005,85421.53,-53182.88,75848.23,188916.04,89840.48,4369.92,0,0,0,44.7790,24.4895,0.2570,0.0000,0.0000,0.0000,0.6810
TCS,3488650,2504975,10456800,10503425,10633475,10501600,10656950,10649475,10609750,10587300,8594850,5724750,-57486.12,76219.58,-65875.43,-42602.71,83109.16,-44430.82,-36066.469999999994,127333.03,124592.5,9695.15,0,0,0,5.2722,0.2280,0.0930,0.0000,0.0000,0.0000,0.7180
TECHM,10803600,4494000,13848000,13868400,13796400,13044000,13590600,12996000,12587400,12128400,9939000,6541800,32797.049999999996,-41851.39000000001,-55445.99,85881.98,62870.33,-46962.759999999995,43243.579999999994,-74284.05,93694.95000000001,6522.3,0,0,0,1.3591,3.5292,-0.1485,0.0000,0.0000,0.0000,0.4160
TITAN,4092000,2381250,6844875,6734250,6484875,5924250,5165250,5020500,4897125,4750500,3993375,2721375,96946.98999999999,-58370.82,65102.28999999999,74555.3,-32281.129999999997,45818.53,-30902.44,98976.8,-51362.79,5616.05,0,0,0,25.4324,8.5804,0.3105,0.0000,0.0000,0.0000,0.5819
TORNTPHARM,271500,89500,1751500,1757500,1769000,1792000,1799500,1621000,1579000,1554000,1337500,875500,-6915.5599999999995,5206.969999999999,-5728.17,-9022.64,19930.11,11665.529999999999,-3235.8,10156.87,11246.03,361.43,0,0,0,4.3030,2.0922,0.1321,0.0000,0.0000,0.0000,0.3297
TORNTPOWER,1284000,252000,3946500,3990000,4116000,4035000,3922500,3912000,3882000,3886500,3522000,2955000,-3485.25,-3848.84,-4164.44,7889.9400000000005,8453.43,-2590.65,3922.81,-8995.44,11899.5,387.84,0,0,0,3.0513,0.6402,0.0596,0.0000,0.0000,0.0000,0.1963
TRENT,976575,410350,4373425,4369800,4238750,4210475,4260500,4438125,4175275,4131775,3715625,2673800,-8903.57,15055.58,13700.61,15186.150000000001,-25068.45,55486.88,-9219.62,22086.36,21455.940000000002,561.55,0,0,0,0.3488,5.0570,0.0127,0.0000,0.0000,0.0000,0.4202
TVSMOTOR,4893000,2583700,5166700,5287100,5387200,5407500,5505500,5449500,5101600,5482400,5563600,3493000,53966.020000000004,-27068,24032.8,-24847.26,22150.62,-29158.09,-33460.799999999996,59217.32,51100.38,1475.88,0,0,0,15.9864,6.4902,0.0433,0.0000,0.0000,0.0000,0.5280
UBL,386800,246800,915200,940800,952800,996400,1000800,994800,954000,952400,862000,659600,2986.7,-3416.2599999999998,7659.57,-4793.46,7258.969999999999,-6202.879999999999,-6782.96,13775.539999999999,11477.150000000001,693.22,0,0,0,0.4532,0.9155,0.0406,0.0000,0.0000,0.0000,0.6381
ULTRACEMCO,721900,575800,1923600,1918600,1996600,2019000,2064400,2085600,2025200,2037600,1627900,1245000,-40468.85999999999,61521.479999999996,-22731.1,24361.77,-38065.479999999996,51584.29000000001,-13731.92,62658.01,43647.310000000005,1868.43,0,0,0,2.4157,4.7068,0.1199,0.0000,0.0000,0.0000,0.7976
UPL,7512700,4891900,21745100,22921600,23982400,24672700,24852100,23596300,22731800,22909900,18634200,12794600,-59257.21,57106.759999999995,30476.92,-37528.24999999999,130477.51,60836.36,-29639.460000000003,-65690.23,67025.11,6180.42,0,0,0,-1.7878,-0.1925,0.0339,0.0000,0.0000,0.0000,0.6512
VEDL,35903550,19647800,43425200,44063900,43230150,37709850,35380800,33337550,29424150,29995600,25562600,16598950,163254.81,183744.12999999998,-78859.03,67762.11,-39112.84,47668.62,34235.18,69582.04999999999,42276.83,1954.17,0,0,0,10.8634,9.1404,0.0275,0.0000,0.0000,0.0000,0.5472
VOLTAS,10082200,3773600,6632500,6378900,5815800,4069800,4377400,4688600,4002400,4014000,2996500,2153000,-25422.519999999997,-41825.689999999995,63549.37,59397.37,45166.630000000005,34398.7,8647.69,-19121.25,17052.079999999998,910.26,0,0,0,7.8406,2.7732,0.2854,0.0000,0.0000,0.0000,0.3743
WHIRLPOOL,197400,124600,729750,700000,695100,670250,722050,635250,564550,524650,391300,222600,4050.99,-2177.66,-3752.95,-8050.15,14351.289999999999,-4184.25,2918.55,-6175.32,6707.97,128.6,0,0,0,4.6783,20.5727,0.3628,0.0000,0.0000,0.0000,0.6312
WIPRO,20853500,10074500,44479500,44143500,43468000,40573500,40880000,41361500,41637000,41406000,33537000,23501000,38024.42999999999,-36121.74,54760.13,-34954.55,46108.689999999995,-20796.15,-29691.120000000003,75757.5,70217.93,6896.6,0,0,0,2.0264,2.7451,0.2444,0.0000,0.0000,0.0000,0.4831
ZEEL,25935000,14085000,90615000,90867000,89865000,89814000,89721000,88716000,86739000,85248000,66396000,33186000,28281.92,-21306.500000000004,23718.82,30124.019999999997,31270.98,-29992.789999999997,31402.280000000002,-96000.25,124603.24,19902.5,0,0,0,1.7393,1.8609,0.2346,0.0000,0.0000,0.0000,0.5431
ZYDUSLIFE,2887200,1479600,12054600,12132000,12376800,12457800,12281400,11939400,11761200,12040200,9086400,6039000,18521.82,-6385.93,-7481.099999999999,12540.27,-8331.539999999999,15311.96,-9208.11,35637.2,25414.359999999997,573.36,0,0,0,70.8335,17.0520,0.0459,0.0000,0.0000,0.0000,0.5125
